"query_id","doc_id","relevance","iteration"
"1111577",msmarco_passage_30_131200137,3,"0"
"629937",msmarco_passage_64_656969348,0,"0"
"2007055",msmarco_passage_24_155821686,1,"0"
"2013306",msmarco_passage_25_308852826,2,"0"
"2025747",msmarco_passage_25_313520494,0,"0"
"2025747",msmarco_passage_48_466050052,0,"0"
"2033470",msmarco_passage_41_681942005,3,"0"
"2031726",msmarco_passage_68_294129878,1,"0"
"1121909",msmarco_passage_40_62090285,1,"0"
"2013306",msmarco_passage_28_453446653,2,"0"
"2055795",msmarco_passage_64_415884307,2,"0"
"2013306",msmarco_passage_43_100987402,2,"0"
"2006375",msmarco_passage_50_347763056,0,"0"
"1113361",msmarco_passage_30_632425496,3,"0"
"421946",msmarco_passage_48_124892275,3,"0"
"2027497",msmarco_passage_30_227943796,1,"0"
"2027130",msmarco_passage_05_547307441,3,"0"
"2036182",msmarco_passage_43_175969940,0,"0"
"2037609",msmarco_passage_03_543113761,0,"0"
"2013306",msmarco_passage_25_325286414,2,"0"
"2031726",msmarco_passage_28_627976972,1,"0"
"2012431",msmarco_passage_07_796115535,3,"0"
"2031726",msmarco_passage_23_358479528,1,"0"
"2006375",msmarco_passage_00_196001688,0,"0"
"2013306",msmarco_passage_68_754877145,2,"0"
"2006375",msmarco_passage_39_136537431,0,"0"
"493490",msmarco_passage_61_777208594,3,"0"
"2013306",msmarco_passage_42_59675803,2,"0"
"2013306",msmarco_passage_32_847481872,2,"0"
"2013306",msmarco_passage_60_353242627,2,"0"
"2037924",msmarco_passage_48_789501170,3,"0"
"2037609",msmarco_passage_41_124783081,0,"0"
"300986",msmarco_passage_60_597359053,2,"0"
"1117243",msmarco_passage_23_342467942,1,"0"
"2006375",msmarco_passage_60_261044805,0,"0"
"2005861",msmarco_passage_06_209912086,3,"0"
"1113361",msmarco_passage_14_109599007,3,"0"
"2033470",msmarco_passage_68_446445911,3,"0"
"2013306",msmarco_passage_64_552275770,2,"0"
"2006375",msmarco_passage_67_261361246,3,"0"
"2032949",msmarco_passage_14_386600216,3,"0"
"2013306",msmarco_passage_07_8815035,2,"0"
"2031726",msmarco_passage_64_780575762,1,"0"
"2031726",msmarco_passage_64_781803447,1,"0"
"2002798",msmarco_passage_07_626959932,1,"0"
"2013306",msmarco_passage_34_369374931,2,"0"
"2013306",msmarco_passage_57_170414700,2,"0"
"2013306",msmarco_passage_25_343910276,2,"0"
"2013306",msmarco_passage_44_664814301,2,"0"
"2026558",msmarco_passage_33_187915925,0,"0"
"2013306",msmarco_passage_42_453452112,2,"0"
"2006375",msmarco_passage_50_348031521,0,"0"
"2013306",msmarco_passage_35_345554589,2,"0"
"2034676",msmarco_passage_38_195281235,2,"0"
"2037609",msmarco_passage_68_841786471,0,"0"
"2025747",msmarco_passage_69_5407953,0,"0"
"2033470",msmarco_passage_10_222802943,1,"0"
"2025747",msmarco_passage_04_264732714,0,"0"
"2013306",msmarco_passage_22_594816920,2,"0"
"2031726",msmarco_passage_42_27988613,1,"0"
"2000719",msmarco_passage_54_153316433,0,"0"
"1104447",msmarco_passage_37_769927418,3,"0"
"2000719",msmarco_passage_48_67431924,0,"0"
"596569",msmarco_passage_06_80405582,3,"0"
"2013306",msmarco_passage_53_56463321,2,"0"
"2025747",msmarco_passage_25_305918022,0,"0"
"2006375",msmarco_passage_12_733593218,0,"0"
"2027130",msmarco_passage_43_116464227,1,"0"
"2039908",msmarco_passage_31_308708775,3,"0"
"596569",msmarco_passage_26_505136105,3,"0"
"493490",msmarco_passage_13_626475411,3,"0"
"2013306",msmarco_passage_64_780890801,2,"0"
"2031726",msmarco_passage_60_608672582,1,"0"
"2030608",msmarco_passage_40_184511595,3,"0"
"2013306",msmarco_passage_59_291073626,2,"0"
"168329",msmarco_passage_58_519406230,1,"0"
"2002533",msmarco_passage_25_156757060,0,"0"
"2030323",msmarco_passage_47_261368133,3,"0"
"2035447",msmarco_passage_33_585908511,2,"0"
"2013306",msmarco_passage_47_603178953,3,"0"
"2025747",msmarco_passage_25_345030381,0,"0"
"2031726",msmarco_passage_11_205108581,1,"0"
"2025747",msmarco_passage_39_46205467,0,"0"
"112700",msmarco_passage_18_757019055,1,"0"
"2013306",msmarco_passage_49_66464484,2,"0"
"2035447",msmarco_passage_12_797990591,0,"0"
"2013306",msmarco_passage_36_56224328,2,"0"
"112700",msmarco_passage_01_33071611,0,"0"
"2031726",msmarco_passage_23_599189173,1,"0"
"596569",msmarco_passage_13_472919920,3,"0"
"2031726",msmarco_passage_66_781008097,1,"0"
"2037609",msmarco_passage_46_178352083,0,"0"
"2013306",msmarco_passage_36_683980548,2,"0"
"2006375",msmarco_passage_13_678332265,0,"0"
"2031726",msmarco_passage_42_408151768,1,"0"
"2037609",msmarco_passage_68_784986199,0,"0"
"2027130",msmarco_passage_29_251665665,3,"0"
"2031726",msmarco_passage_13_58995273,1,"0"
"2025747",msmarco_passage_50_67237952,1,"0"
"2013306",msmarco_passage_26_675688350,2,"0"
"2013306",msmarco_passage_33_645667341,2,"0"
"2031726",msmarco_passage_02_56729631,1,"0"
"2013306",msmarco_passage_68_752120615,2,"0"
"2013306",msmarco_passage_02_644690245,2,"0"
"2031726",msmarco_passage_02_303692573,1,"0"
"2037609",msmarco_passage_68_117360500,0,"0"
"2000719",msmarco_passage_31_322913658,3,"0"
"2029260",msmarco_passage_12_375243235,3,"0"
"596569",msmarco_passage_09_769269682,3,"0"
"2031726",msmarco_passage_49_159537606,1,"0"
"2031726",msmarco_passage_68_266371007,1,"0"
"2006375",msmarco_passage_04_705601712,0,"0"
"1113361",msmarco_passage_52_103224724,3,"0"
"1104300",msmarco_passage_43_515881263,3,"0"
"2025747",msmarco_passage_11_594995786,0,"0"
"2031726",msmarco_passage_12_817330962,1,"0"
"2033470",msmarco_passage_45_398687782,3,"0"
"2031726",msmarco_passage_02_133359064,1,"0"
"2039908",msmarco_passage_14_554166012,3,"0"
"596569",msmarco_passage_62_810494397,3,"0"
"2013306",msmarco_passage_47_493159635,2,"0"
"2013306",msmarco_passage_17_683146204,2,"0"
"2026558",msmarco_passage_68_748909795,0,"0"
"2013306",msmarco_passage_22_355252925,2,"0"
"2082",msmarco_passage_55_217686589,3,"0"
"2013306",msmarco_passage_57_135613631,2,"0"
"2029260",msmarco_passage_33_757998835,3,"0"
"2013306",msmarco_passage_56_165279232,2,"0"
"2027497",msmarco_passage_68_31374203,2,"0"
"2029260",msmarco_passage_37_567540019,0,"0"
"2031726",msmarco_passage_44_56061789,1,"0"
"2031726",msmarco_passage_61_157743284,1,"0"
"2000719",msmarco_passage_48_95604395,0,"0"
"2031726",msmarco_passage_65_140266034,1,"0"
"2006375",msmarco_passage_59_525692768,0,"0"
"2031726",msmarco_passage_61_734491923,1,"0"
"2031726",msmarco_passage_65_326867149,1,"0"
"2013306",msmarco_passage_25_232615646,2,"0"
"2029260",msmarco_passage_09_741384195,0,"0"
"2013306",msmarco_passage_48_646807029,2,"0"
"2029260",msmarco_passage_54_47729103,0,"0"
"2000719",msmarco_passage_17_607752959,0,"0"
"2037609",msmarco_passage_68_750160863,0,"0"
"2029260",msmarco_passage_16_438117756,0,"0"
"2031726",msmarco_passage_32_466370259,1,"0"
"2031726",msmarco_passage_35_832165366,1,"0"
"2031726",msmarco_passage_15_628967603,1,"0"
"2031726",msmarco_passage_54_215376360,1,"0"
"2029260",msmarco_passage_62_483932147,0,"0"
"2031726",msmarco_passage_23_367188900,1,"0"
"2038466",msmarco_passage_26_604835674,1,"0"
"2031726",msmarco_passage_27_74220235,1,"0"
"30611",msmarco_passage_04_287901958,3,"0"
"2037609",msmarco_passage_15_768984026,0,"0"
"2031726",msmarco_passage_47_492652646,1,"0"
"2031726",msmarco_passage_64_807161326,1,"0"
"2013306",msmarco_passage_39_562890970,2,"0"
"2013306",msmarco_passage_14_299533306,2,"0"
"2031726",msmarco_passage_45_702142,1,"0"
"2082",msmarco_passage_65_397444052,3,"0"
"2030323",msmarco_passage_02_75445770,3,"0"
"2031726",msmarco_passage_09_541381099,1,"0"
"2013306",msmarco_passage_31_686213212,2,"0"
"2031726",msmarco_passage_42_142338024,1,"0"
"2002269",msmarco_passage_21_80348727,3,"0"
"2000719",msmarco_passage_22_456810284,0,"0"
"2005861",msmarco_passage_17_655129602,0,"0"
"2025747",msmarco_passage_28_361946915,0,"0"
"1113361",msmarco_passage_61_648929118,3,"0"
"2031726",msmarco_passage_63_176879676,1,"0"
"2031726",msmarco_passage_14_699215060,1,"0"
"2055795",msmarco_passage_64_752665226,0,"0"
"2013306",msmarco_passage_22_401513550,2,"0"
"2045272",msmarco_passage_68_828558059,1,"0"
"2001975",msmarco_passage_29_569615107,3,"0"
"2025747",msmarco_passage_29_209465010,0,"0"
"2001975",msmarco_passage_57_475918160,0,"0"
"2031726",msmarco_passage_33_187186404,1,"0"
"30611",msmarco_passage_41_263863504,3,"0"
"2025747",msmarco_passage_25_340040734,0,"0"
"2013306",msmarco_passage_38_841712467,2,"0"
"2013306",msmarco_passage_20_147622143,2,"0"
"2004237",msmarco_passage_46_302636010,1,"0"
"1117243",msmarco_passage_12_206387565,1,"0"
"1109840",msmarco_passage_65_153889578,3,"0"
"2013306",msmarco_passage_26_51510981,2,"0"
"2038890",msmarco_passage_50_261754093,3,"0"
"2000719",msmarco_passage_00_461752137,3,"0"
"2038466",msmarco_passage_26_588529142,1,"0"
"2031726",msmarco_passage_26_13691321,1,"0"
"2032090",msmarco_passage_35_153482315,1,"0"
"2031726",msmarco_passage_50_377871177,1,"0"
"2039908",msmarco_passage_07_68842350,3,"0"
"2006375",msmarco_passage_24_420474930,0,"0"
"2030323",msmarco_passage_08_847428897,3,"0"
"2025747",msmarco_passage_25_346064265,0,"0"
"2026558",msmarco_passage_55_757768516,0,"0"
"629937",msmarco_passage_53_430854121,3,"0"
"2006375",msmarco_passage_51_766873069,0,"0"
"1104447",msmarco_passage_22_471901875,3,"0"
"764738",msmarco_passage_14_421130213,3,"0"
"2035565",msmarco_passage_25_406415303,3,"0"
"2013306",msmarco_passage_44_173117059,2,"0"
"2037609",msmarco_passage_41_79243186,0,"0"
"2033470",msmarco_passage_28_297827136,0,"0"
"2031726",msmarco_passage_25_283635989,1,"0"
"2006375",msmarco_passage_56_777643946,0,"0"
"2037609",msmarco_passage_34_743887848,0,"0"
"2030323",msmarco_passage_26_477440013,3,"0"
"2029260",msmarco_passage_34_595566747,0,"0"
"2013306",msmarco_passage_59_527443738,2,"0"
"2031726",msmarco_passage_50_341870031,1,"0"
"2031726",msmarco_passage_13_356072839,1,"0"
"2031726",msmarco_passage_10_596396916,1,"0"
"2006375",msmarco_passage_30_649600884,0,"0"
"2005810",msmarco_passage_03_703938723,1,"0"
"2028378",msmarco_passage_16_93843618,3,"0"
"2002533",msmarco_passage_25_161977007,0,"0"
"2037251",msmarco_passage_19_54634121,3,"0"
"1113361",msmarco_passage_02_24688154,3,"0"
"2031726",msmarco_passage_05_271657828,1,"0"
"2001975",msmarco_passage_40_643791085,3,"0"
"2013306",msmarco_passage_10_375299358,2,"0"
"2013306",msmarco_passage_28_641155809,2,"0"
"2006375",msmarco_passage_61_655482135,0,"0"
"2013306",msmarco_passage_50_449909777,2,"0"
"2013306",msmarco_passage_65_334290127,2,"0"
"2000719",msmarco_passage_04_511289345,0,"0"
"2031726",msmarco_passage_35_137814305,1,"0"
"2001975",msmarco_passage_11_305634272,3,"0"
"2025747",msmarco_passage_64_781636135,0,"0"
"2031726",msmarco_passage_02_610397959,1,"0"
"2013306",msmarco_passage_04_351920327,2,"0"
"596569",msmarco_passage_65_648881773,3,"0"
"493490",msmarco_passage_16_295748139,3,"0"
"2002798",msmarco_passage_64_252757388,1,"0"
"2000719",msmarco_passage_51_856359135,0,"0"
"2031726",msmarco_passage_29_226069045,1,"0"
"2029260",msmarco_passage_52_435735768,3,"0"
"2027130",msmarco_passage_13_442977820,3,"0"
"30611",msmarco_passage_41_263916437,3,"0"
"2013306",msmarco_passage_22_277755285,2,"0"
"2027130",msmarco_passage_43_116363413,1,"0"
"2013306",msmarco_passage_68_754384826,2,"0"
"2031726",msmarco_passage_15_79587789,1,"0"
"2003322",msmarco_passage_59_534407306,3,"0"
"2006375",msmarco_passage_54_826606229,0,"0"
"2000719",msmarco_passage_40_657292839,3,"0"
"2013306",msmarco_passage_64_469431826,2,"0"
"2000719",msmarco_passage_54_437967480,0,"0"
"2031726",msmarco_passage_16_645636461,1,"0"
"493490",msmarco_passage_27_65380312,3,"0"
"2000719",msmarco_passage_39_645646397,3,"0"
"2013306",msmarco_passage_39_68565708,2,"0"
"2031726",msmarco_passage_42_490602299,1,"0"
"2003322",msmarco_passage_44_344493396,3,"0"
"2002269",msmarco_passage_36_220411076,1,"0"
"2029260",msmarco_passage_41_248212498,0,"0"
"2009871",msmarco_passage_45_376555357,3,"0"
"2031726",msmarco_passage_36_40076191,1,"0"
"596569",msmarco_passage_13_448240451,3,"0"
"2013306",msmarco_passage_32_74970664,2,"0"
"952262",msmarco_passage_65_849043823,3,"0"
"2029260",msmarco_passage_51_474511296,0,"0"
"2040287",msmarco_passage_01_861344844,3,"0"
"2029260",msmarco_passage_37_668516027,0,"0"
"2004253",msmarco_passage_66_345606011,3,"0"
"2055634",msmarco_passage_66_197592164,3,"0"
"2031726",msmarco_passage_14_428408905,1,"0"
"1104447",msmarco_passage_30_720287144,3,"0"
"2000719",msmarco_passage_64_230531596,1,"0"
"2013306",msmarco_passage_38_569162434,2,"0"
"2006375",msmarco_passage_31_615334270,3,"0"
"952262",msmarco_passage_60_322275192,3,"0"
"2013306",msmarco_passage_35_137814305,2,"0"
"2004237",msmarco_passage_38_733835477,3,"0"
"2005861",msmarco_passage_57_350764459,0,"0"
"2001532",msmarco_passage_14_558585408,3,"0"
"2013306",msmarco_passage_60_785495286,2,"0"
"2029260",msmarco_passage_12_381626075,0,"0"
"2002269",msmarco_passage_22_608240654,0,"0"
"1113361",msmarco_passage_02_20534481,3,"0"
"2031726",msmarco_passage_50_347224839,1,"0"
"2036968",msmarco_passage_50_574814356,3,"0"
"2013306",msmarco_passage_11_700139671,2,"0"
"2000719",msmarco_passage_15_30347703,3,"0"
"2025747",msmarco_passage_63_24909678,0,"0"
"2013306",msmarco_passage_14_420558618,2,"0"
"2025747",msmarco_passage_11_664043608,0,"0"
"2000719",msmarco_passage_41_811245278,0,"0"
"2039908",msmarco_passage_02_4713542,3,"0"
"1104447",msmarco_passage_62_569094999,3,"0"
"2013306",msmarco_passage_68_737600998,2,"0"
"2034205",msmarco_passage_56_719749582,1,"0"
"688007",msmarco_passage_33_766603220,3,"0"
"2013306",msmarco_passage_33_188196811,2,"0"
"2031726",msmarco_passage_57_692101435,1,"0"
"1117243",msmarco_passage_49_37081822,2,"0"
"2054355",msmarco_passage_29_695027579,1,"0"
"2032949",msmarco_passage_31_617252440,2,"0"
"2033470",msmarco_passage_05_155666097,3,"0"
"2036182",msmarco_passage_38_578923394,0,"0"
"2000719",msmarco_passage_18_240982431,3,"0"
"2000719",msmarco_passage_00_600846799,0,"0"
"2013306",msmarco_passage_09_544056047,2,"0"
"2055634",msmarco_passage_10_547511865,3,"0"
"2013306",msmarco_passage_25_518273066,2,"0"
"2013306",msmarco_passage_10_53280578,2,"0"
"2013306",msmarco_passage_28_745888223,2,"0"
"806694",msmarco_passage_61_123797376,1,"0"
"935964",msmarco_passage_64_226882001,3,"0"
"2031726",msmarco_passage_27_244831707,1,"0"
"2055480",msmarco_passage_55_733306212,3,"0"
"2006375",msmarco_passage_03_390727875,0,"0"
"2013306",msmarco_passage_40_585727306,2,"0"
"2026558",msmarco_passage_14_420498635,0,"0"
"2033396",msmarco_passage_38_287934804,3,"0"
"2082",msmarco_passage_17_209244396,2,"0"
"2029260",msmarco_passage_67_632318493,3,"0"
"2006375",msmarco_passage_41_350386822,0,"0"
"2031726",msmarco_passage_09_272442804,1,"0"
"2000719",msmarco_passage_22_800466406,0,"0"
"2031726",msmarco_passage_21_514241968,1,"0"
"2013306",msmarco_passage_55_757282523,2,"0"
"2013306",msmarco_passage_47_493314356,2,"0"
"2025747",msmarco_passage_04_12680037,0,"0"
"2000719",msmarco_passage_46_276031173,0,"0"
"952262",msmarco_passage_57_447973988,3,"0"
"764738",msmarco_passage_60_483171928,1,"0"
"2013306",msmarco_passage_60_375095258,2,"0"
"2000719",msmarco_passage_52_411115943,3,"0"
"2036182",msmarco_passage_40_309309663,0,"0"
"2013306",msmarco_passage_48_172932935,2,"0"
"2013306",msmarco_passage_38_490687937,2,"0"
"2029260",msmarco_passage_68_758958533,0,"0"
"2013306",msmarco_passage_08_821888813,2,"0"
"2013306",msmarco_passage_47_493326677,2,"0"
"1104447",msmarco_passage_12_534312125,3,"0"
"2025747",msmarco_passage_50_55652826,1,"0"
"2013306",msmarco_passage_25_325013547,2,"0"
"2013306",msmarco_passage_68_785670322,2,"0"
"493490",msmarco_passage_61_776625227,3,"0"
"2031726",msmarco_passage_61_542091653,1,"0"
"2001975",msmarco_passage_55_400786207,3,"0"
"2013306",msmarco_passage_03_763475055,2,"0"
"2006375",msmarco_passage_39_160884979,0,"0"
"2031726",msmarco_passage_68_200463473,1,"0"
"2031726",msmarco_passage_46_327082733,1,"0"
"2031726",msmarco_passage_14_119643251,1,"0"
"2026558",msmarco_passage_68_751256870,0,"0"
"2037609",msmarco_passage_48_757005625,0,"0"
"2013306",msmarco_passage_40_835821667,2,"0"
"2013306",msmarco_passage_31_259237056,2,"0"
"2013306",msmarco_passage_09_405741786,2,"0"
"2013306",msmarco_passage_42_321601404,2,"0"
"2037609",msmarco_passage_11_205853834,0,"0"
"2006375",msmarco_passage_57_168967336,0,"0"
"2004253",msmarco_passage_44_813680569,3,"0"
"2006375",msmarco_passage_52_582364631,0,"0"
"2034205",msmarco_passage_48_680356768,2,"0"
"2029260",msmarco_passage_55_532073919,0,"0"
"2013306",msmarco_passage_16_292704902,2,"0"
"1006728",msmarco_passage_65_851178736,0,"0"
"2012431",msmarco_passage_53_470956607,3,"0"
"2013306",msmarco_passage_57_76069808,2,"0"
"2004237",msmarco_passage_46_288190879,1,"0"
"2008871",msmarco_passage_27_239082134,2,"0"
"2031726",msmarco_passage_68_749729537,1,"0"
"2031726",msmarco_passage_62_167279320,1,"0"
"364210",msmarco_passage_11_3170636,2,"0"
"2000719",msmarco_passage_43_445030696,0,"0"
"2026150",msmarco_passage_16_227231397,0,"0"
"1113361",msmarco_passage_64_212079834,3,"0"
"2025747",msmarco_passage_33_532913595,0,"0"
"2013306",msmarco_passage_66_665088892,2,"0"
"2031726",msmarco_passage_41_762141774,1,"0"
"2028378",msmarco_passage_38_42122449,3,"0"
"2055211",msmarco_passage_29_736215308,1,"0"
"2013306",msmarco_passage_42_523957714,2,"0"
"2001532",msmarco_passage_44_613043576,3,"0"
"2005810",msmarco_passage_30_713636092,1,"0"
"2025747",msmarco_passage_03_694631187,0,"0"
"1110996",msmarco_passage_21_641534379,2,"0"
"2027497",msmarco_passage_66_712412295,1,"0"
"2013306",msmarco_passage_29_45664144,2,"0"
"2031726",msmarco_passage_14_846817373,1,"0"
"2006375",msmarco_passage_27_775565015,0,"0"
"2031726",msmarco_passage_38_444280576,1,"0"
"2013306",msmarco_passage_41_812191962,2,"0"
"2005861",msmarco_passage_47_851266165,3,"0"
"2029260",msmarco_passage_53_43802726,3,"0"
"2025747",msmarco_passage_25_333848150,1,"0"
"845121",msmarco_passage_03_739047042,1,"0"
"1104447",msmarco_passage_00_787883905,3,"0"
"493490",msmarco_passage_44_368105912,3,"0"
"764738",msmarco_passage_17_501555126,3,"0"
"2031726",msmarco_passage_08_52264044,1,"0"
"2040352",msmarco_passage_12_672067259,3,"0"
"2029260",msmarco_passage_68_589651839,0,"0"
"2031726",msmarco_passage_26_40669559,1,"0"
"2013306",msmarco_passage_26_165530325,2,"0"
"2037609",msmarco_passage_22_868372980,0,"0"
"2025747",msmarco_passage_50_107421342,3,"0"
"2006375",msmarco_passage_40_25694792,3,"0"
"493490",msmarco_passage_61_777215608,3,"0"
"2037609",msmarco_passage_64_92021415,0,"0"
"1110996",msmarco_passage_21_93078965,3,"0"
"2013306",msmarco_passage_23_153979706,2,"0"
"952262",msmarco_passage_10_886522396,3,"0"
"2031726",msmarco_passage_01_211144638,1,"0"
"2004237",msmarco_passage_67_386151859,1,"0"
"2013306",msmarco_passage_41_698054536,2,"0"
"2040613",msmarco_passage_19_774209297,3,"0"
"2013306",msmarco_passage_45_74047882,2,"0"
"2025747",msmarco_passage_25_341892219,0,"0"
"2026558",msmarco_passage_68_777693239,0,"0"
"2033470",msmarco_passage_41_680615197,3,"0"
"2001975",msmarco_passage_36_573787830,3,"0"
"168329",msmarco_passage_16_243080257,3,"0"
"2026558",msmarco_passage_42_214615509,0,"0"
"2031726",msmarco_passage_02_796648759,1,"0"
"2025747",msmarco_passage_44_735504945,0,"0"
"2013306",msmarco_passage_45_183937216,2,"0"
"2026558",msmarco_passage_54_771453314,0,"0"
"2013306",msmarco_passage_64_810746413,2,"0"
"1104447",msmarco_passage_57_632232213,3,"0"
"2012536",msmarco_passage_41_469882496,1,"0"
"1104300",msmarco_passage_09_610195333,3,"0"
"2013306",msmarco_passage_42_236021177,2,"0"
"2013306",msmarco_passage_30_875663400,2,"0"
"2037609",msmarco_passage_61_22861999,0,"0"
"2031726",msmarco_passage_42_101028193,1,"0"
"2013306",msmarco_passage_49_543708359,2,"0"
"2031726",msmarco_passage_25_308441547,1,"0"
"2013306",msmarco_passage_10_677010830,2,"0"
"2025747",msmarco_passage_25_334520301,0,"0"
"2031726",msmarco_passage_50_507729944,1,"0"
"2001532",msmarco_passage_54_127255513,3,"0"
"2031726",msmarco_passage_15_470493794,1,"0"
"2031726",msmarco_passage_14_725677907,1,"0"
"2040287",msmarco_passage_43_175358988,3,"0"
"2035565",msmarco_passage_21_783819430,3,"0"
"1104300",msmarco_passage_39_832891254,3,"0"
"1111577",msmarco_passage_05_563789830,3,"0"
"2013306",msmarco_passage_33_189193404,2,"0"
"2026558",msmarco_passage_00_419175047,0,"0"
"845121",msmarco_passage_68_87209129,3,"0"
"2037609",msmarco_passage_65_545464898,0,"0"
"832573",msmarco_passage_26_372735585,2,"0"
"2029260",msmarco_passage_02_462305163,0,"0"
"2013306",msmarco_passage_57_170664257,2,"0"
"2029260",msmarco_passage_04_433438946,0,"0"
"2026558",msmarco_passage_00_335541238,0,"0"
"1104447",msmarco_passage_00_787878519,3,"0"
"2031726",msmarco_passage_30_649600884,1,"0"
"2013306",msmarco_passage_64_783406419,2,"0"
"2040352",msmarco_passage_04_178799487,3,"0"
"1111577",msmarco_passage_05_563782946,1,"0"
"2006375",msmarco_passage_15_39784076,0,"0"
"646091",msmarco_passage_05_548448771,3,"0"
"2013306",msmarco_passage_68_757712675,2,"0"
"2025747",msmarco_passage_64_783003732,0,"0"
"2029260",msmarco_passage_22_55082415,0,"0"
"2000719",msmarco_passage_41_132811164,1,"0"
"2033470",msmarco_passage_62_839098311,3,"0"
"1104447",msmarco_passage_17_510276449,2,"0"
"2000719",msmarco_passage_44_323812681,0,"0"
"2029260",msmarco_passage_54_826599732,0,"0"
"2031726",msmarco_passage_54_772968922,1,"0"
"1111577",msmarco_passage_25_376872968,3,"0"
"2013306",msmarco_passage_47_344553240,2,"0"
"2031726",msmarco_passage_57_170265114,1,"0"
"2025747",msmarco_passage_50_105570255,1,"0"
"2000719",msmarco_passage_08_645953003,3,"0"
"2006375",msmarco_passage_39_606515295,0,"0"
"1107821",msmarco_passage_20_544499803,1,"0"
"2037251",msmarco_passage_55_349828868,3,"0"
"2031726",msmarco_passage_07_339615024,1,"0"
"2025747",msmarco_passage_33_187109777,0,"0"
"2013306",msmarco_passage_68_782911419,2,"0"
"2013306",msmarco_passage_52_545350787,2,"0"
"2031726",msmarco_passage_47_493173760,1,"0"
"2013306",msmarco_passage_35_175048267,2,"0"
"2005861",msmarco_passage_45_336130542,3,"0"
"2031726",msmarco_passage_43_860391384,1,"0"
"2040352",msmarco_passage_54_416726372,3,"0"
"2026558",msmarco_passage_53_349394018,0,"0"
"2046371",msmarco_passage_44_769776437,3,"0"
"2037609",msmarco_passage_64_749538646,0,"0"
"2031726",msmarco_passage_33_47226147,1,"0"
"2025747",msmarco_passage_25_319097390,0,"0"
"395948",msmarco_passage_30_251604525,1,"0"
"2031726",msmarco_passage_64_164564819,1,"0"
"2000719",msmarco_passage_34_843695124,0,"0"
"2013306",msmarco_passage_07_286718987,2,"0"
"2026150",msmarco_passage_54_732474924,3,"0"
"2000719",msmarco_passage_63_24858093,0,"0"
"2013306",msmarco_passage_41_243788390,2,"0"
"2039908",msmarco_passage_50_490389583,3,"0"
"2013306",msmarco_passage_04_275171586,2,"0"
"2039908",msmarco_passage_48_581083522,3,"0"
"2040352",msmarco_passage_18_298361794,3,"0"
"2031726",msmarco_passage_08_416503368,1,"0"
"2029260",msmarco_passage_37_676444570,0,"0"
"2034676",msmarco_passage_20_274635852,1,"0"
"2037609",msmarco_passage_68_310728926,0,"0"
"2037609",msmarco_passage_41_116202356,0,"0"
"2039908",msmarco_passage_06_82771417,3,"0"
"2035565",msmarco_passage_43_187235108,3,"0"
"2013306",msmarco_passage_12_369279640,0,"0"
"2025747",msmarco_passage_25_309928763,0,"0"
"2006375",msmarco_passage_38_4582280,0,"0"
"2013306",msmarco_passage_55_256164475,2,"0"
"2031726",msmarco_passage_68_749065765,1,"0"
"2013306",msmarco_passage_14_157012608,2,"0"
"2031726",msmarco_passage_53_309855214,1,"0"
"2038466",msmarco_passage_26_605389599,3,"0"
"2037609",msmarco_passage_23_2162673,0,"0"
"2013306",msmarco_passage_28_411871954,2,"0"
"2013306",msmarco_passage_64_781733167,2,"0"
"2036182",msmarco_passage_43_186597948,0,"0"
"2028378",msmarco_passage_52_91698672,3,"0"
"2001975",msmarco_passage_62_376476052,3,"0"
"2031726",msmarco_passage_22_303117151,1,"0"
"2013306",msmarco_passage_15_78630988,2,"0"
"2031726",msmarco_passage_53_593877836,2,"0"
"2031726",msmarco_passage_38_431773277,1,"0"
"2013306",msmarco_passage_61_494424990,2,"0"
"2026150",msmarco_passage_57_699977536,3,"0"
"952262",msmarco_passage_11_823089134,3,"0"
"2013306",msmarco_passage_11_310432275,2,"0"
"2025747",msmarco_passage_44_664834696,0,"0"
"2013306",msmarco_passage_68_275087345,2,"0"
"1104300",msmarco_passage_35_731103287,3,"0"
"2035565",msmarco_passage_05_577042139,3,"0"
"2013306",msmarco_passage_07_420608887,2,"0"
"2013306",msmarco_passage_12_777342695,2,"0"
"2013306",msmarco_passage_33_186512031,2,"0"
"2013306",msmarco_passage_42_315569199,2,"0"
"2031726",msmarco_passage_07_825944560,1,"0"
"2031726",msmarco_passage_03_470473167,1,"0"
"2031726",msmarco_passage_62_788723628,1,"0"
"2013306",msmarco_passage_33_187514391,2,"0"
"2006375",msmarco_passage_04_421821427,0,"0"
"2031726",msmarco_passage_52_149601253,1,"0"
"2031726",msmarco_passage_48_617671689,1,"0"
"2013306",msmarco_passage_44_72968929,2,"0"
"2013306",msmarco_passage_61_136032094,2,"0"
"2002269",msmarco_passage_05_367134241,3,"0"
"2013306",msmarco_passage_41_768035706,2,"0"
"2013306",msmarco_passage_57_530946227,2,"0"
"2025747",msmarco_passage_50_55058115,1,"0"
"2025747",msmarco_passage_50_482867607,0,"0"
"2013306",msmarco_passage_31_294828943,2,"0"
"2027130",msmarco_passage_43_116446093,3,"0"
"2031726",msmarco_passage_45_442346897,1,"0"
"2031726",msmarco_passage_43_521875609,1,"0"
"2006375",msmarco_passage_66_154484205,0,"0"
"2006375",msmarco_passage_68_865146816,3,"0"
"2027130",msmarco_passage_24_558067947,3,"0"
"2025747",msmarco_passage_50_104729101,1,"0"
"2002269",msmarco_passage_04_99670055,3,"0"
"2025747",msmarco_passage_36_291666010,0,"0"
"2033232",msmarco_passage_41_122702426,3,"0"
"2034205",msmarco_passage_48_662323507,2,"0"
"2000719",msmarco_passage_15_170898223,0,"0"
"952262",msmarco_passage_46_197909458,3,"0"
"2036182",msmarco_passage_04_687984542,0,"0"
"2031726",msmarco_passage_25_320543340,1,"0"
"2044423",msmarco_passage_59_701707269,3,"0"
"2013306",msmarco_passage_59_323399588,2,"0"
"2026558",msmarco_passage_57_126121207,0,"0"
"2055480",msmarco_passage_27_479722425,0,"0"
"1107704",msmarco_passage_40_184436647,0,"0"
"2027130",msmarco_passage_29_251729445,3,"0"
"2046371",msmarco_passage_28_273323365,3,"0"
"2029260",msmarco_passage_12_714842372,0,"0"
"2009871",msmarco_passage_34_276290598,3,"0"
"2031726",msmarco_passage_34_552842235,1,"0"
"2026150",msmarco_passage_20_731219223,3,"0"
"2037609",msmarco_passage_63_303226078,0,"0"
"1121909",msmarco_passage_01_808247906,3,"0"
"2006375",msmarco_passage_61_507961467,0,"0"
"2025747",msmarco_passage_49_25753968,0,"0"
"2025747",msmarco_passage_05_308383245,0,"0"
"2013306",msmarco_passage_46_497175232,2,"0"
"2036968",msmarco_passage_53_506154559,3,"0"
"2006375",msmarco_passage_11_205503133,0,"0"
"2013306",msmarco_passage_11_332016266,2,"0"
"2006375",msmarco_passage_08_645715600,0,"0"
"2037251",msmarco_passage_25_50846309,3,"0"
"540006",msmarco_passage_13_345754350,3,"0"
"2026558",msmarco_passage_11_205916214,0,"0"
"2034205",msmarco_passage_07_403508559,0,"0"
"2029260",msmarco_passage_54_24188185,0,"0"
"2082",msmarco_passage_45_623200260,3,"0"
"2038890",msmarco_passage_50_261753147,3,"0"
"2037609",msmarco_passage_36_114935672,0,"0"
"2013306",msmarco_passage_23_134371688,2,"0"
"2029260",msmarco_passage_35_696965144,3,"0"
"2039908",msmarco_passage_04_602833,3,"0"
"2025747",msmarco_passage_24_210363400,0,"0"
"2013306",msmarco_passage_25_175485031,2,"0"
"2013306",msmarco_passage_32_660600973,2,"0"
"2031726",msmarco_passage_35_469969164,1,"0"
"2013306",msmarco_passage_54_12776485,2,"0"
"2031726",msmarco_passage_03_356854310,1,"0"
"2029260",msmarco_passage_30_158846199,0,"0"
"2031726",msmarco_passage_57_377318373,1,"0"
"2039908",msmarco_passage_59_84295276,3,"0"
"2000719",msmarco_passage_59_549830257,0,"0"
"2013306",msmarco_passage_14_290629220,2,"0"
"2029260",msmarco_passage_17_607381591,0,"0"
"2031726",msmarco_passage_48_67481144,1,"0"
"2037924",msmarco_passage_67_265349196,3,"0"
"2006375",msmarco_passage_01_22696500,3,"0"
"2000719",msmarco_passage_36_244468496,0,"0"
"2025747",msmarco_passage_25_288977571,3,"0"
"2009871",msmarco_passage_65_55166597,3,"0"
"2013306",msmarco_passage_08_113886797,2,"0"
"2031726",msmarco_passage_68_780839612,1,"0"
"2013306",msmarco_passage_34_852218642,2,"0"
"2025747",msmarco_passage_50_49717803,1,"0"
"2031726",msmarco_passage_05_338530133,1,"0"
"2031726",msmarco_passage_28_391085262,1,"0"
"2026558",msmarco_passage_42_142338024,0,"0"
"2013306",msmarco_passage_68_751002107,2,"0"
"2028378",msmarco_passage_15_685142710,3,"0"
"2036968",msmarco_passage_10_652172095,3,"0"
"421946",msmarco_passage_41_297169600,3,"0"
"2013306",msmarco_passage_09_278068201,2,"0"
"2031726",msmarco_passage_45_558786035,1,"0"
"2000719",msmarco_passage_33_187163582,0,"0"
"2029260",msmarco_passage_00_594949794,0,"0"
"2026558",msmarco_passage_29_669798898,0,"0"
"2026558",msmarco_passage_14_616202581,0,"0"
"1110996",msmarco_passage_12_198820225,3,"0"
"2013306",msmarco_passage_68_841784858,2,"0"
"2031726",msmarco_passage_36_411815935,1,"0"
"2000719",msmarco_passage_55_841798009,0,"0"
"2000719",msmarco_passage_38_444992110,0,"0"
"2027130",msmarco_passage_43_116441858,3,"0"
"2031726",msmarco_passage_19_664632313,1,"0"
"2013306",msmarco_passage_39_127163102,2,"0"
"30611",msmarco_passage_43_96209725,3,"0"
"2029260",msmarco_passage_54_771836858,0,"0"
"2031726",msmarco_passage_14_291877695,1,"0"
"2039908",msmarco_passage_37_419181198,3,"0"
"2037609",msmarco_passage_59_549978574,0,"0"
"2006211",msmarco_passage_24_324825917,1,"0"
"2013306",msmarco_passage_48_577788045,2,"0"
"2013306",msmarco_passage_58_627666346,2,"0"
"2031726",msmarco_passage_06_398147225,1,"0"
"2031726",msmarco_passage_48_415101013,1,"0"
"2001975",msmarco_passage_11_305635180,3,"0"
"2006375",msmarco_passage_68_786097035,0,"0"
"2013306",msmarco_passage_53_281625060,2,"0"
"2031726",msmarco_passage_51_770438165,1,"0"
"2002269",msmarco_passage_00_154951652,3,"0"
"2031726",msmarco_passage_68_757832234,1,"0"
"2013306",msmarco_passage_62_153843610,2,"0"
"2039908",msmarco_passage_50_566031912,2,"0"
"2013306",msmarco_passage_60_350872199,2,"0"
"2031726",msmarco_passage_33_187890724,1,"0"
"2006375",msmarco_passage_63_182837113,0,"0"
"2025747",msmarco_passage_40_830166451,0,"0"
"2026558",msmarco_passage_36_41044860,0,"0"
"2031726",msmarco_passage_30_818441067,1,"0"
"2026558",msmarco_passage_56_816109666,0,"0"
"2082",msmarco_passage_24_115356547,3,"0"
"2013306",msmarco_passage_40_219123882,2,"0"
"2031726",msmarco_passage_67_120345570,1,"0"
"2031726",msmarco_passage_44_740859033,1,"0"
"2035009",msmarco_passage_20_832652579,0,"0"
"2035565",msmarco_passage_63_152834473,3,"0"
"2013306",msmarco_passage_68_788701087,2,"0"
"2082",msmarco_passage_27_95413114,3,"0"
"2031726",msmarco_passage_47_403957003,1,"0"
"2013306",msmarco_passage_64_782523071,2,"0"
"2037609",msmarco_passage_68_589058476,0,"0"
"2000719",msmarco_passage_41_202361496,0,"0"
"1113361",msmarco_passage_26_562467771,3,"0"
"935964",msmarco_passage_64_812650549,3,"0"
"2031726",msmarco_passage_47_493758161,1,"0"
"2013306",msmarco_passage_16_691900723,2,"0"
"2028378",msmarco_passage_32_255388331,3,"0"
"2027130",msmarco_passage_08_712078079,3,"0"
"2031726",msmarco_passage_37_117089945,1,"0"
"2001975",msmarco_passage_60_811586129,3,"0"
"2005810",msmarco_passage_62_158734871,0,"0"
"2004237",msmarco_passage_59_710649780,1,"0"
"2031726",msmarco_passage_27_181323555,1,"0"
"2037609",msmarco_passage_64_811551112,0,"0"
"2055795",msmarco_passage_09_836829748,2,"0"
"2013306",msmarco_passage_56_494125701,2,"0"
"2037609",msmarco_passage_30_157111379,0,"0"
"2013306",msmarco_passage_47_493708793,2,"0"
"2000719",msmarco_passage_09_277198181,0,"0"
"2013306",msmarco_passage_33_736740100,2,"0"
"1040198",msmarco_passage_21_72930767,3,"0"
"2008871",msmarco_passage_29_370239831,2,"0"
"629937",msmarco_passage_39_119423024,3,"0"
"2013306",msmarco_passage_12_121567797,2,"0"
"2025747",msmarco_passage_42_625915990,0,"0"
"832573",msmarco_passage_26_385073075,2,"0"
"2049417",msmarco_passage_04_155350533,0,"0"
"2031726",msmarco_passage_56_7962398,1,"0"
"2013306",msmarco_passage_03_4798445,2,"0"
"2025747",msmarco_passage_25_316849811,0,"0"
"2031726",msmarco_passage_23_417624232,1,"0"
"2013306",msmarco_passage_32_539777194,2,"0"
"2013306",msmarco_passage_44_441748684,2,"0"
"2025747",msmarco_passage_32_373693959,0,"0"
"2013306",msmarco_passage_38_571570875,2,"0"
"2044423",msmarco_passage_59_706931853,3,"0"
"2000719",msmarco_passage_68_750757261,0,"0"
"2031726",msmarco_passage_54_772529241,1,"0"
"2031726",msmarco_passage_48_303308058,1,"0"
"2013306",msmarco_passage_68_755372465,2,"0"
"2026150",msmarco_passage_69_32655009,0,"0"
"2013306",msmarco_passage_64_783079361,2,"0"
"2002269",msmarco_passage_32_689392896,2,"0"
"2031726",msmarco_passage_23_587270151,1,"0"
"2013306",msmarco_passage_47_493124530,2,"0"
"2006375",msmarco_passage_03_164169123,3,"0"
"952262",msmarco_passage_02_641464678,3,"0"
"2025747",msmarco_passage_25_333756841,3,"0"
"2025747",msmarco_passage_63_73187828,0,"0"
"2037609",msmarco_passage_04_449600610,0,"0"
"300986",msmarco_passage_28_817645953,3,"0"
"2031726",msmarco_passage_22_658174266,1,"0"
"2029260",msmarco_passage_44_233065659,0,"0"
"2025747",msmarco_passage_07_152273693,1,"0"
"2030323",msmarco_passage_24_791872223,3,"0"
"2031726",msmarco_passage_68_748598784,1,"0"
"2013306",msmarco_passage_04_108517954,2,"0"
"2031726",msmarco_passage_38_841625642,1,"0"
"2013306",msmarco_passage_48_67496255,2,"0"
"2038466",msmarco_passage_26_591959741,3,"0"
"2082",msmarco_passage_31_104810189,3,"0"
"2001532",msmarco_passage_54_127232652,3,"0"
"2001975",msmarco_passage_23_380556919,3,"0"
"2025747",msmarco_passage_33_187317834,0,"0"
"2037609",msmarco_passage_68_526165011,0,"0"
"2013306",msmarco_passage_16_691528386,2,"0"
"2013306",msmarco_passage_15_222581128,2,"0"
"1110996",msmarco_passage_19_204319882,3,"0"
"2031726",msmarco_passage_53_418943422,1,"0"
"2029260",msmarco_passage_54_2976516,0,"0"
"1110996",msmarco_passage_21_352558963,2,"0"
"2031726",msmarco_passage_39_561890747,1,"0"
"2031726",msmarco_passage_36_295177963,1,"0"
"2031726",msmarco_passage_50_564769676,1,"0"
"2013306",msmarco_passage_38_706909284,2,"0"
"2033470",msmarco_passage_03_825745309,3,"0"
"2000719",msmarco_passage_44_231288457,0,"0"
"2025747",msmarco_passage_41_369160743,0,"0"
"2013306",msmarco_passage_54_772786179,2,"0"
"2013306",msmarco_passage_68_751921759,2,"0"
"2037609",msmarco_passage_24_14323475,0,"0"
"2013306",msmarco_passage_46_426775145,2,"0"
"2013306",msmarco_passage_68_776742723,2,"0"
"2026150",msmarco_passage_40_709877222,1,"0"
"2013306",msmarco_passage_24_252471660,2,"0"
"2000719",msmarco_passage_50_736080232,0,"0"
"2000719",msmarco_passage_55_485534482,0,"0"
"2000719",msmarco_passage_10_615303676,0,"0"
"2026558",msmarco_passage_47_554004748,0,"0"
"2013306",msmarco_passage_18_772120164,2,"0"
"2013306",msmarco_passage_68_748644481,2,"0"
"493490",msmarco_passage_39_306373753,3,"0"
"2013306",msmarco_passage_48_506872249,2,"0"
"2031726",msmarco_passage_10_294765102,1,"0"
"2037609",msmarco_passage_23_4714637,0,"0"
"2038890",msmarco_passage_50_262042802,1,"0"
"2031726",msmarco_passage_46_793508153,1,"0"
"2031726",msmarco_passage_68_755351380,1,"0"
"2031726",msmarco_passage_19_708355690,1,"0"
"2035447",msmarco_passage_12_796662256,0,"0"
"2031726",msmarco_passage_60_706500038,1,"0"
"2025747",msmarco_passage_06_223366495,0,"0"
"1129560",msmarco_passage_10_493909355,3,"0"
"2031726",msmarco_passage_38_441948305,1,"0"
"2027130",msmarco_passage_00_528421598,3,"0"
"2025747",msmarco_passage_47_494184318,0,"0"
"2031726",msmarco_passage_27_403892703,1,"0"
"2082",msmarco_passage_40_394990314,3,"0"
"835760",msmarco_passage_08_787082193,2,"0"
"2013306",msmarco_passage_39_633698301,2,"0"
"2028378",msmarco_passage_34_805740843,3,"0"
"2000719",msmarco_passage_68_779409490,0,"0"
"2031726",msmarco_passage_10_615124858,1,"0"
"2025747",msmarco_passage_61_32186467,0,"0"
"300025",msmarco_passage_04_561349553,3,"0"
"2029260",msmarco_passage_40_856658623,0,"0"
"2035565",msmarco_passage_04_165294657,3,"0"
"2013306",msmarco_passage_33_693254293,2,"0"
"2013306",msmarco_passage_17_607667286,2,"0"
"337656",msmarco_passage_43_18568436,0,"0"
"2029260",msmarco_passage_17_240193462,0,"0"
"2013306",msmarco_passage_23_759817002,2,"0"
"2026558",msmarco_passage_60_298669199,0,"0"
"2013306",msmarco_passage_05_349802024,2,"0"
"2031726",msmarco_passage_60_264915926,1,"0"
"2027130",msmarco_passage_68_825909082,3,"0"
"2013306",msmarco_passage_64_42792675,2,"0"
"2013306",msmarco_passage_34_502054687,2,"0"
"2031726",msmarco_passage_46_422301360,1,"0"
"2031726",msmarco_passage_00_820061293,1,"0"
"2013306",msmarco_passage_68_749457569,2,"0"
"2013306",msmarco_passage_42_736078479,2,"0"
"2031726",msmarco_passage_59_760627859,1,"0"
"2026558",msmarco_passage_35_713489798,0,"0"
"2013306",msmarco_passage_50_213218262,2,"0"
"2031726",msmarco_passage_54_772832717,1,"0"
"2013306",msmarco_passage_55_861340136,2,"0"
"2013306",msmarco_passage_01_242423134,2,"0"
"2031726",msmarco_passage_16_361316983,1,"0"
"2004237",msmarco_passage_34_782222581,1,"0"
"2055795",msmarco_passage_60_575095347,3,"0"
"2031726",msmarco_passage_50_212855905,1,"0"
"2000719",msmarco_passage_23_22283696,0,"0"
"2037609",msmarco_passage_58_645638515,0,"0"
"1113361",msmarco_passage_33_122469933,2,"0"
"2031726",msmarco_passage_25_315163297,1,"0"
"2000719",msmarco_passage_63_117867997,0,"0"
"2013306",msmarco_passage_13_818037361,2,"0"
"2037609",msmarco_passage_38_807159044,0,"0"
"493490",msmarco_passage_24_283300304,3,"0"
"2013306",msmarco_passage_44_621988575,2,"0"
"2001975",msmarco_passage_33_362586774,3,"0"
"2031726",msmarco_passage_15_780053368,1,"0"
"2006375",msmarco_passage_11_206366325,0,"0"
"2031726",msmarco_passage_14_709543483,1,"0"
"2013306",msmarco_passage_51_592839389,2,"0"
"2013306",msmarco_passage_30_694892822,2,"0"
"2026558",msmarco_passage_20_376755989,0,"0"
"2027130",msmarco_passage_02_383514161,3,"0"
"2030323",msmarco_passage_45_52242969,3,"0"
"2045272",msmarco_passage_46_324642306,0,"0"
"2013306",msmarco_passage_28_413033351,2,"0"
"2004253",msmarco_passage_36_826061146,3,"0"
"2013306",msmarco_passage_09_56974373,2,"0"
"2032090",msmarco_passage_67_367615678,1,"0"
"2031726",msmarco_passage_35_697630401,1,"0"
"540006",msmarco_passage_57_49061407,3,"0"
"2001975",msmarco_passage_62_376475664,3,"0"
"2031726",msmarco_passage_64_782489114,1,"0"
"2033470",msmarco_passage_41_681211633,3,"0"
"2031726",msmarco_passage_64_781329547,1,"0"
"2054355",msmarco_passage_21_643280021,0,"0"
"2031726",msmarco_passage_68_758468660,1,"0"
"2001532",msmarco_passage_07_619672358,3,"0"
"2029260",msmarco_passage_16_691444602,0,"0"
"493490",msmarco_passage_09_336664227,3,"0"
"2013306",msmarco_passage_14_570868366,2,"0"
"2026558",msmarco_passage_07_602787465,0,"0"
"2013306",msmarco_passage_01_809400092,2,"0"
"2037609",msmarco_passage_09_209167106,0,"0"
"2031726",msmarco_passage_59_323676396,1,"0"
"2031726",msmarco_passage_14_74059843,1,"0"
"2031726",msmarco_passage_29_170791898,1,"0"
"2013306",msmarco_passage_68_753565273,2,"0"
"2033396",msmarco_passage_66_122674110,3,"0"
"2025747",msmarco_passage_50_112770761,3,"0"
"2025747",msmarco_passage_50_55191529,1,"0"
"2031726",msmarco_passage_56_791140786,1,"0"
"2031726",msmarco_passage_07_642403569,1,"0"
"2013306",msmarco_passage_65_579574461,2,"0"
"2031726",msmarco_passage_32_847487898,1,"0"
"2006375",msmarco_passage_28_414259418,0,"0"
"2013306",msmarco_passage_64_803829084,2,"0"
"2013306",msmarco_passage_41_246637078,2,"0"
"2013306",msmarco_passage_46_69106902,2,"0"
"1104300",msmarco_passage_09_610202422,3,"0"
"395948",msmarco_passage_21_795210288,1,"0"
"1109840",msmarco_passage_48_180429036,2,"0"
"2031726",msmarco_passage_14_420579141,1,"0"
"2025747",msmarco_passage_68_755411513,0,"0"
"2035565",msmarco_passage_10_103877513,3,"0"
"2082",msmarco_passage_05_398000222,3,"0"
"2013306",msmarco_passage_68_751321350,2,"0"
"1104300",msmarco_passage_04_42132715,3,"0"
"2031726",msmarco_passage_09_281340494,1,"0"
"2031726",msmarco_passage_66_753985085,1,"0"
"2033470",msmarco_passage_41_681597057,3,"0"
"1104447",msmarco_passage_23_292595528,3,"0"
"493490",msmarco_passage_16_830050141,3,"0"
"2007055",msmarco_passage_66_167927648,1,"0"
"2025747",msmarco_passage_66_304290489,0,"0"
"2082",msmarco_passage_27_868618164,3,"0"
"2037609",msmarco_passage_25_333274233,0,"0"
"2055634",msmarco_passage_10_547917206,3,"0"
"2013306",msmarco_passage_38_572269596,2,"0"
"2013306",msmarco_passage_66_266954917,2,"0"
"2037609",msmarco_passage_09_291927344,0,"0"
"1118716",msmarco_passage_35_218674391,1,"0"
"2000719",msmarco_passage_68_640791599,0,"0"
"2036968",msmarco_passage_43_704056715,3,"0"
"1110996",msmarco_passage_30_689815006,1,"0"
"2026558",msmarco_passage_17_119246279,0,"0"
"1121909",msmarco_passage_67_909162700,1,"0"
"2031726",msmarco_passage_61_283053085,1,"0"
"2003322",msmarco_passage_02_192927682,3,"0"
"2035565",msmarco_passage_68_639296708,1,"0"
"2031726",msmarco_passage_51_684289680,1,"0"
"2013306",msmarco_passage_11_827747206,2,"0"
"2013306",msmarco_passage_68_754869495,2,"0"
"2031726",msmarco_passage_61_347349094,1,"0"
"2013306",msmarco_passage_38_382845174,2,"0"
"1110996",msmarco_passage_20_799203367,3,"0"
"2025747",msmarco_passage_63_436814804,0,"0"
"646091",msmarco_passage_01_117683522,3,"0"
"2013306",msmarco_passage_64_299796282,2,"0"
"2029260",msmarco_passage_64_805354015,0,"0"
"2031726",msmarco_passage_66_270416347,1,"0"
"2025747",msmarco_passage_64_781287055,0,"0"
"2000719",msmarco_passage_52_411118214,3,"0"
"2025747",msmarco_passage_38_477900966,0,"0"
"2029260",msmarco_passage_01_155171481,0,"0"
"2031726",msmarco_passage_05_453615975,1,"0"
"2013306",msmarco_passage_64_780524992,2,"0"
"2025747",msmarco_passage_36_249586996,0,"0"
"2013306",msmarco_passage_48_67340798,2,"0"
"2031726",msmarco_passage_12_613702019,1,"0"
"2025747",msmarco_passage_14_292861846,0,"0"
"2013306",msmarco_passage_68_752637314,2,"0"
"2029260",msmarco_passage_54_772928716,0,"0"
"1104300",msmarco_passage_35_731101458,3,"0"
"2013306",msmarco_passage_29_746645686,2,"0"
"2013306",msmarco_passage_00_757687854,2,"0"
"2025747",msmarco_passage_25_323082221,0,"0"
"2025747",msmarco_passage_61_601008946,0,"0"
"2031726",msmarco_passage_28_580640706,1,"0"
"2013306",msmarco_passage_68_601355218,2,"0"
"2040352",msmarco_passage_36_189638933,3,"0"
"2031726",msmarco_passage_32_719075066,1,"0"
"2031726",msmarco_passage_11_797533404,1,"0"
"2006375",msmarco_passage_58_659721310,0,"0"
"2006375",msmarco_passage_53_289886611,2,"0"
"2031726",msmarco_passage_11_431575219,1,"0"
"2029260",msmarco_passage_38_441458717,0,"0"
"2000719",msmarco_passage_64_42800325,0,"0"
"2028378",msmarco_passage_30_604316926,3,"0"
"2031726",msmarco_passage_68_755977953,1,"0"
"2013306",msmarco_passage_41_252281408,2,"0"
"2013306",msmarco_passage_41_316367868,2,"0"
"2026150",msmarco_passage_34_872498735,3,"0"
"2013306",msmarco_passage_20_252581744,2,"0"
"2031726",msmarco_passage_14_48369444,1,"0"
"2013306",msmarco_passage_29_873505016,2,"0"
"2006375",msmarco_passage_33_66346297,0,"0"
"2029260",msmarco_passage_17_611221032,0,"0"
"2031726",msmarco_passage_61_164441696,1,"0"
"2031726",msmarco_passage_68_777790749,1,"0"
"2013306",msmarco_passage_24_253878167,2,"0"
"2004253",msmarco_passage_36_826065841,3,"0"
"2013306",msmarco_passage_68_752459725,2,"0"
"2000719",msmarco_passage_14_294397198,0,"0"
"2035565",msmarco_passage_01_236166176,3,"0"
"2013306",msmarco_passage_41_249683186,2,"0"
"2037251",msmarco_passage_11_531633871,3,"0"
"2035565",msmarco_passage_68_639554243,1,"0"
"2003322",msmarco_passage_37_342716206,3,"0"
"2006375",msmarco_passage_13_147109802,0,"0"
"364210",msmarco_passage_12_190422397,1,"0"
"2002269",msmarco_passage_56_834329581,1,"0"
"2031726",msmarco_passage_36_600586486,1,"0"
"2025747",msmarco_passage_46_776067905,0,"0"
"2031726",msmarco_passage_50_364145488,1,"0"
"2025747",msmarco_passage_62_482859143,0,"0"
"2013306",msmarco_passage_25_315027822,2,"0"
"952262",msmarco_passage_04_374534646,3,"0"
"2037251",msmarco_passage_20_154332540,3,"0"
"2031726",msmarco_passage_11_633573509,1,"0"
"2039908",msmarco_passage_03_645226328,3,"0"
"2013306",msmarco_passage_47_526386618,2,"0"
"2031726",msmarco_passage_14_744600650,1,"0"
"2013306",msmarco_passage_51_856349134,2,"0"
"2009871",msmarco_passage_61_97175489,2,"0"
"2031726",msmarco_passage_33_386700041,1,"0"
"2025747",msmarco_passage_25_334370474,1,"0"
"2029260",msmarco_passage_37_53484817,0,"0"
"337656",msmarco_passage_10_733659281,3,"0"
"2029260",msmarco_passage_25_315901210,0,"0"
"2013306",msmarco_passage_68_750723217,2,"0"
"2034676",msmarco_passage_20_62774788,1,"0"
"2025747",msmarco_passage_50_101776586,1,"0"
"2031726",msmarco_passage_66_869547306,1,"0"
"2031726",msmarco_passage_41_124214968,1,"0"
"2031726",msmarco_passage_07_140593752,1,"0"
"2029260",msmarco_passage_60_273637132,0,"0"
"2013306",msmarco_passage_68_750847657,2,"0"
"2009871",msmarco_passage_61_663552828,3,"0"
"2013306",msmarco_passage_68_782030065,2,"0"
"2031726",msmarco_passage_59_545401635,1,"0"
"2013306",msmarco_passage_62_48305927,2,"0"
"2000719",msmarco_passage_55_329287070,0,"0"
"2031726",msmarco_passage_59_518189044,1,"0"
"493490",msmarco_passage_24_647296964,3,"0"
